date,elec_price_usd_per_kwh,cpi_index,gas_price_usd_per_mmbtu,elec_index_jan2020,gas_index_jan2020,gas_index_jan2020_12mo_avg,elec_change_6yr_pct,cpi_change_6yr_pct,elec_yoy_pct,gas_yoy_pct,cpi_yoy_pct,gas_yoy_lag6,model_predicted_elec_yoy_pct,residual_unexplained_pct,era
1978-11-01,0.046,67.5,,34.3284,,,,,,,,,,,Pre-2010
1978-12-01,0.046,67.9,,34.3284,,,,,,,,,,,Pre-2010
1979-01-01,0.046,68.5,,34.3284,,,,,,,,,,,Pre-2010
1979-02-01,0.047,69.2,,35.0746,,,,,,,,,,,Pre-2010
1979-03-01,0.047,69.9,,35.0746,,,,,,,,,,,Pre-2010
1979-04-01,0.048,70.6,,35.8209,,,,,,,,,,,Pre-2010
1979-05-01,0.049,71.4,,36.5672,,,,,,,,,,,Pre-2010
1979-06-01,0.052,72.2,,38.806,,,,,,,,,,,Pre-2010
1979-07-01,0.053,73.0,,39.5522,,,,,,,,,,,Pre-2010
1979-08-01,0.053,73.7,,39.5522,,,,,,,,,,,Pre-2010
1979-09-01,0.053,74.4,,39.5522,,,,,,,,,,,Pre-2010
1979-10-01,0.053,75.2,,39.5522,,,,,,,,,,,Pre-2010
1979-11-01,0.051,76.0,,38.0597,,,,,10.8696,,12.5926,,,,Pre-2010
1979-12-01,0.052,76.9,,38.806,,,,,13.0435,,13.2548,,,,Pre-2010
1980-01-01,0.053,78.0,,39.5522,,,,,15.2174,,13.8686,,,,Pre-2010
1980-02-01,0.055,79.0,,41.0448,,,,,17.0213,,14.1618,,,,Pre-2010
1980-03-01,0.056,80.1,,41.791,,,,,19.1489,,14.5923,,,,Pre-2010
1980-04-01,0.056,80.9,,41.791,,,,,16.6667,,14.5892,,,,Pre-2010
1980-05-01,0.058,81.7,,43.2836,,,,,18.3673,,14.4258,,,,Pre-2010
1980-06-01,0.063,82.5,,47.0149,,,,,21.1538,,14.2659,,,,Pre-2010
1980-07-01,0.064,82.6,,47.7612,,,,,20.7547,,13.1507,,,,Pre-2010
1980-08-01,0.064,83.2,,47.7612,,,,,20.7547,,12.8901,,,,Pre-2010
1980-09-01,0.065,83.9,,48.5075,,,,,22.6415,,12.7688,,,,Pre-2010
1980-10-01,0.063,84.7,,47.0149,,,,,18.8679,,12.633,,,,Pre-2010
1980-11-01,0.061,85.6,,45.5224,,,,,19.6078,,12.6316,,,,Pre-2010
1980-12-01,0.062,86.4,,46.2687,,,,,19.2308,,12.3537,,,,Pre-2010
1981-01-01,0.063,87.2,,47.0149,,,,,18.8679,,11.7949,,,,Pre-2010
1981-02-01,0.064,88.0,,47.7612,,,,,16.3636,,11.3924,,,,Pre-2010
1981-03-01,0.065,88.6,,48.5075,,,,,16.0714,,10.6117,,,,Pre-2010
1981-04-01,0.066,89.1,,49.2537,,,,,17.8571,,10.136,,,,Pre-2010
1981-05-01,0.067,89.7,,50.0,,,,,15.5172,,9.7919,,,,Pre-2010
1981-06-01,0.071,90.5,,52.9851,,,,,12.6984,,9.697,,,,Pre-2010
1981-07-01,0.073,91.5,,54.4776,,,,,14.0625,,10.7748,,,,Pre-2010
1981-08-01,0.075,92.2,,55.9701,,,,,17.1875,,10.8173,,,,Pre-2010
1981-09-01,0.074,93.1,,55.2239,,,,,13.8462,,10.9654,,,,Pre-2010
1981-10-01,0.072,93.4,,53.7313,,,,,14.2857,,10.2715,,,,Pre-2010
1981-11-01,0.071,93.8,,52.9851,,,,,16.3934,,9.5794,,,,Pre-2010
1981-12-01,0.071,94.1,,52.9851,,,,,14.5161,,8.912,,,,Pre-2010
1982-01-01,0.073,94.4,,54.4776,,,,,15.873,,8.2569,,,,Pre-2010
1982-02-01,0.073,94.7,,54.4776,,,,,14.0625,,7.6136,,,,Pre-2010
1982-03-01,0.075,94.7,,55.9701,,,,,15.3846,,6.8849,,,,Pre-2010
1982-04-01,0.075,95.0,,55.9701,,,,,13.6364,,6.6218,,,,Pre-2010
1982-05-01,0.075,95.9,,55.9701,,,,,11.9403,,6.9119,,,,Pre-2010
1982-06-01,0.079,97.0,,58.9552,,,,,11.2676,,7.1823,,,,Pre-2010
1982-07-01,0.079,97.5,,58.9552,,,,,8.2192,,6.5574,,,,Pre-2010
1982-08-01,0.079,97.7,,58.9552,,,,,5.3333,,5.9653,,,,Pre-2010
1982-09-01,0.079,97.7,,58.9552,,,,,6.7568,,4.9409,,,,Pre-2010
1982-10-01,0.077,98.1,,57.4627,,,,,6.9444,,5.0321,,,,Pre-2010
1982-11-01,0.074,98.0,,55.2239,,,,,4.2254,,4.4776,,,,Pre-2010
1982-12-01,0.075,97.7,,55.9701,,,,,5.6338,,3.8257,,,,Pre-2010
1983-01-01,0.075,97.9,,55.9701,,,,,2.7397,,3.7076,,,,Pre-2010
1983-02-01,0.075,98.0,,55.9701,,,,,2.7397,,3.4847,,,,Pre-2010
1983-03-01,0.076,98.1,,56.7164,,,,,1.3333,,3.5903,,,,Pre-2010
1983-04-01,0.075,98.8,,55.9701,,,,,0.0,,4.0,,,,Pre-2010
1983-05-01,0.077,99.2,,57.4627,,,,,2.6667,,3.4411,,,,Pre-2010
1983-06-01,0.081,99.4,,60.4478,,,,,2.5316,,2.4742,,,,Pre-2010
1983-07-01,0.082,99.8,,61.194,,,,,3.7975,,2.359,,,,Pre-2010
1983-08-01,0.082,100.1,,61.194,,,,,3.7975,,2.4565,,,,Pre-2010
1983-09-01,0.082,100.4,,61.194,,,,,3.7975,,2.7636,,,,Pre-2010
1983-10-01,0.08,100.8,,59.7015,,,,,3.8961,,2.7523,,,,Pre-2010
1983-11-01,0.077,101.1,,57.4627,,,,,4.0541,,3.1633,,,,Pre-2010
1983-12-01,0.077,101.4,,57.4627,,,,,2.6667,,3.7871,,,,Pre-2010
1984-01-01,0.078,102.1,,58.209,,,,,4.0,,4.2901,,,,Pre-2010
1984-02-01,0.079,102.6,,58.9552,,,,,5.3333,,4.6939,,,,Pre-2010
1984-03-01,0.079,102.9,,58.9552,,,,,3.9474,,4.893,,,,Pre-2010
1984-04-01,0.08,103.3,,59.7015,,,,,6.6667,,4.5547,,,,Pre-2010
1984-05-01,0.081,103.5,,60.4478,,,,,5.1948,,4.3347,,,,Pre-2010
1984-06-01,0.086,103.7,,64.1791,,,,,6.1728,,4.326,,,,Pre-2010
1984-07-01,0.087,104.1,,64.9254,,,,,6.0976,,4.3086,,,,Pre-2010
1984-08-01,0.089,104.4,,66.4179,,,,,8.5366,,4.2957,,,,Pre-2010
1984-09-01,0.084,104.7,,62.6866,,,,,2.439,,4.2829,,,,Pre-2010
1984-10-01,0.081,105.1,,60.4478,,,,,1.25,,4.2659,,,,Pre-2010
1984-11-01,0.079,105.3,,58.9552,,,71.7391,56.0,2.5974,,4.1543,,,,Pre-2010
1984-12-01,0.078,105.5,,58.209,,,69.5652,55.3756,1.2987,,4.0434,,,,Pre-2010
1985-01-01,0.079,105.7,,58.9552,,,71.7391,54.3066,1.2821,,3.526,,,,Pre-2010
1985-02-01,0.079,106.3,,58.9552,,,68.0851,53.6127,0.0,,3.6062,,,,Pre-2010
1985-03-01,0.079,106.8,,58.9552,,,68.0851,52.7897,0.0,,3.7901,,,,Pre-2010
1985-04-01,0.08,107.0,,59.7015,,,66.6667,51.5581,0.0,,3.5818,,,,Pre-2010
1985-05-01,0.08,107.2,,59.7015,,,63.2653,50.1401,-1.2346,,3.5749,,,,Pre-2010
1985-06-01,0.085,107.5,,63.4328,,,63.4615,48.892,-1.1628,,3.6644,,,,Pre-2010
1985-07-01,0.085,107.7,,63.4328,,,60.3774,47.5342,-2.2989,,3.4582,,,,Pre-2010
1985-08-01,0.085,107.9,,63.4328,,,60.3774,46.4043,-4.4944,,3.3525,,,,Pre-2010
1985-09-01,0.0835,108.1,,62.3134,,,57.5472,45.2957,-0.5952,,3.2474,,,,Pre-2010
1985-10-01,0.082,108.5,,61.194,,,54.717,44.2819,1.2346,,3.235,,,,Pre-2010
1985-11-01,0.08,109.0,,59.7015,,,56.8627,43.4211,1.2658,,3.5138,,,,Pre-2010
1985-12-01,0.08,109.5,,59.7015,,,53.8462,42.3927,2.5641,,3.7915,,,,Pre-2010
1986-01-01,0.081,109.9,,60.4478,,,52.8302,40.8974,2.5316,,3.9735,,,,Pre-2010
1986-02-01,0.075,109.7,,55.9701,,,36.3636,38.8608,-5.0633,,3.1985,,,,Pre-2010
1986-03-01,0.075,109.1,,55.9701,,,33.9286,36.2047,-5.0633,,2.1536,,,,Pre-2010
1986-04-01,0.074,108.7,,55.2239,,,32.1429,34.3634,-7.5,,1.5888,,,,Pre-2010
1986-05-01,0.074,109.0,,55.2239,,,27.5862,33.4149,-7.5,,1.6791,,,,Pre-2010
1986-06-01,0.08,109.4,,59.7015,,,26.9841,32.6061,-5.8824,,1.7674,,,,Pre-2010
1986-07-01,0.08,109.5,,59.7015,,,25.0,32.5666,-5.8824,,1.6713,,,,Pre-2010
1986-08-01,0.08,109.6,,59.7015,,,25.0,31.7308,-5.8824,,1.5755,,,,Pre-2010
1986-09-01,0.08,110.0,,59.7015,,,23.0769,31.1085,-4.1916,,1.7576,,,,Pre-2010
1986-10-01,0.074,110.2,,55.2239,,,17.4603,30.1063,-9.7561,,1.5668,,,,Pre-2010
1986-11-01,0.073,110.4,,54.4776,,,19.6721,28.972,-8.75,,1.2844,,,,Pre-2010
1986-12-01,0.073,110.8,,54.4776,,,17.7419,28.2407,-8.75,,1.1872,,,,Pre-2010
1987-01-01,0.075,111.4,,55.9701,,,19.0476,27.7523,-7.4074,,1.3649,,,,Pre-2010
1987-02-01,0.076,111.8,,56.7164,,,18.75,27.0455,1.3333,,1.9143,,,,Pre-2010
1987-03-01,0.076,112.2,,56.7164,,,16.9231,26.6366,1.3333,,2.8414,,,,Pre-2010
1987-04-01,0.076,112.7,,56.7164,,,15.1515,26.4871,2.7027,,3.6799,,,,Pre-2010
1987-05-01,0.076,113.0,,56.7164,,,13.4328,25.9755,2.7027,,3.6697,,,,Pre-2010
1987-06-01,0.084,113.5,,62.6866,,,18.3099,25.4144,5.0,,3.7477,,,,Pre-2010
1987-07-01,0.084,113.8,,62.6866,,,15.0685,24.3716,5.0,,3.9269,,,,Pre-2010
1987-08-01,0.085,114.3,,63.4328,,,13.3333,23.9696,6.25,,4.2883,,,,Pre-2010
1987-09-01,0.084,114.7,,62.6866,,,13.5135,23.2009,5.0,,4.2727,,,,Pre-2010
1987-10-01,0.078,115.0,,58.209,,,8.3333,23.1263,5.4054,,4.3557,,,,Pre-2010
1987-11-01,0.077,115.4,,57.4627,,,8.4507,23.0277,5.4795,,4.529,,,,Pre-2010
1987-12-01,0.077,115.6,,57.4627,,,8.4507,22.848,5.4795,,4.3321,,,,Pre-2010
1988-01-01,0.078,116.0,,58.209,,,6.8493,22.8814,4.0,,4.1293,,,,Pre-2010
1988-02-01,0.078,116.2,,58.209,,,6.8493,22.7033,2.6316,,3.9356,,,,Pre-2010
1988-03-01,0.078,116.5,,58.209,,,4.0,23.0201,2.6316,,3.8324,,,,Pre-2010
1988-04-01,0.077,117.2,,57.4627,,,2.6667,23.3684,1.3158,,3.9929,,,,Pre-2010
1988-05-01,0.077,117.5,,57.4627,,,2.6667,22.5235,1.3158,,3.9823,,,,Pre-2010
1988-06-01,0.084,118.0,,62.6866,,,6.3291,21.6495,0.0,,3.9648,,,,Pre-2010
1988-07-01,0.084,118.5,,62.6866,,,6.3291,21.5385,0.0,,4.1301,,,,Pre-2010
1988-08-01,0.084,119.0,,62.6866,,,6.3291,21.8014,-1.1765,,4.112,,,,Pre-2010
1988-09-01,0.084,119.5,,62.6866,,,6.3291,22.3132,0.0,,4.1848,,,,Pre-2010
1988-10-01,0.08,119.9,,59.7015,,,3.8961,22.2222,2.5641,,4.2609,,,,Pre-2010
1988-11-01,0.078,120.3,,58.209,,,5.4054,22.7551,1.2987,,4.2461,,,,Pre-2010
1988-12-01,0.078,120.7,,58.209,,,4.0,23.5415,1.2987,,4.4118,,,,Pre-2010
1989-01-01,0.079,121.2,,58.9552,,,5.3333,23.7998,1.2821,,4.4828,,,,Pre-2010
1989-02-01,0.079,121.6,,58.9552,,,5.3333,24.0816,1.2821,,4.6472,,,,Pre-2010
1989-03-01,0.079,122.2,,58.9552,,,3.9474,24.5668,1.2821,,4.8927,,,,Pre-2010
1989-04-01,0.079,123.1,,58.9552,,,5.3333,24.5951,2.5974,,5.0341,,,,Pre-2010
1989-05-01,0.08,123.7,,59.7015,,,3.8961,24.6976,3.8961,,5.2766,,,,Pre-2010
1989-06-01,0.086,124.1,,64.1791,,,6.1728,24.8491,2.381,,5.1695,,,,Pre-2010
1989-07-01,0.086,124.5,,64.1791,,,4.878,24.7495,2.381,,5.0633,,,,Pre-2010
1989-08-01,0.086,124.5,,64.1791,,,4.878,24.3756,2.381,,4.6218,,,,Pre-2010
1989-09-01,0.086,124.8,,64.1791,,,4.878,24.3028,2.381,,4.4351,,,,Pre-2010
1989-10-01,0.081,125.4,,60.4478,,,1.25,24.4048,1.25,,4.5872,,,,Pre-2010
1989-11-01,0.08,125.9,,59.7015,,,3.8961,24.5302,2.5641,,4.655,,,,Pre-2010
1989-12-01,0.081,126.3,,60.4478,,,5.1948,24.5562,3.8462,,4.6396,,,,Pre-2010
1990-01-01,0.081,127.5,,60.4478,,,3.8462,24.8776,2.5316,,5.198,,,,Pre-2010
1990-02-01,0.081,128.0,,60.4478,,,2.5316,24.7563,2.5316,,5.2632,,,,Pre-2010
1990-03-01,0.081,128.6,,60.4478,,,2.5316,24.9757,2.5316,,5.2373,,,,Pre-2010
1990-04-01,0.082,128.9,,61.194,,,2.5,24.7822,3.7975,,4.7116,,,,Pre-2010
1990-05-01,0.082,129.1,,61.194,,,1.2346,24.7343,2.5,,4.3654,,,,Pre-2010
1990-06-01,0.088,129.9,,65.6716,,,2.3256,25.2652,2.3256,,4.6737,,,,Pre-2010
1990-07-01,0.087,130.5,,64.9254,,,0.0,25.3602,1.1628,,4.8193,,,,Pre-2010
1990-08-01,0.087,131.6,,64.9254,,,-2.2472,26.0536,1.1628,,5.7028,,,,Pre-2010
1990-09-01,0.088,132.5,,65.6716,,,4.7619,26.5521,2.3256,,6.1699,,,,Pre-2010
1990-10-01,0.083,133.4,,61.9403,,,2.4691,26.9267,2.4691,,6.3796,,,,Pre-2010
1990-11-01,0.082,133.7,,61.194,,,3.7975,26.9706,2.5,,6.1954,,,,Pre-2010
1990-12-01,0.082,134.2,,61.194,,,5.1282,27.2038,1.2346,,6.2549,,,,Pre-2010
1991-01-01,0.084,134.7,,62.6866,,,6.3291,27.4361,3.7037,,5.6471,,,,Pre-2010
1991-02-01,0.084,134.8,,62.6866,,,6.3291,26.8109,3.7037,,5.3125,,,,Pre-2010
1991-03-01,0.085,134.8,,63.4328,,,7.5949,26.2172,4.9383,,4.8212,,,,Pre-2010
1991-04-01,0.084,135.1,,62.6866,,,5.0,26.2617,2.439,,4.8099,,,,Pre-2010
1991-05-01,0.085,135.6,,63.4328,,,6.25,26.4925,3.6585,,5.0349,,,,Pre-2010
1991-06-01,0.09,136.0,,67.1642,,,5.8824,26.5116,2.2727,,4.6959,,,,Pre-2010
1991-07-01,0.091,136.2,,67.9104,,,7.0588,26.4624,4.5977,,4.3678,,,,Pre-2010
1991-08-01,0.09,136.6,,67.1642,,,5.8824,26.5987,3.4483,,3.7994,,,,Pre-2010
1991-09-01,0.091,137.0,,67.9104,,,8.982,26.7345,3.4091,,3.3962,,,,Pre-2010
1991-10-01,0.087,137.2,,64.9254,,,6.0976,26.4516,4.8193,,2.8486,,,,Pre-2010
1991-11-01,0.084,137.8,,62.6866,,,5.0,26.422,2.439,,3.0666,,,,Pre-2010
1991-12-01,0.085,138.2,,63.4328,,,6.25,26.21,3.6585,,2.9806,,,,Pre-2010
1992-01-01,0.085,138.3,,63.4328,,,4.9383,25.8417,1.1905,,2.6726,,,,Pre-2010
1992-02-01,0.084,138.6,,62.6866,,,12.0,26.3446,0.0,,2.819,,,,Pre-2010
1992-03-01,0.086,139.1,,64.1791,,,14.6667,27.4977,1.1765,,3.1899,,,,Pre-2010
1992-04-01,0.086,139.4,,64.1791,,,16.2162,28.2429,2.381,,3.1828,,,,Pre-2010
1992-05-01,0.087,139.7,,64.9254,,,17.5676,28.1651,2.3529,,3.0236,,,,Pre-2010
1992-06-01,0.092,140.1,,68.6567,,,15.0,28.0622,2.2222,,3.0147,,,,Pre-2010
1992-07-01,0.092,140.5,,68.6567,,,15.0,28.3105,1.0989,,3.1571,,,,Pre-2010
1992-08-01,0.091,140.8,,67.9104,,,13.75,28.4672,1.1111,,3.0747,,,,Pre-2010
1992-09-01,0.092,141.1,,68.6567,,,15.0,28.2727,1.0989,,2.9927,,,,Pre-2010
1992-10-01,0.088,141.7,,65.6716,,,18.9189,28.5844,1.1494,,3.2799,,,,Pre-2010
1992-11-01,0.086,142.1,,64.1791,,,17.8082,28.7138,2.381,,3.1205,,,,Pre-2010
1992-12-01,0.088,142.3,,65.6716,,,20.5479,28.4296,3.5294,,2.9667,,,,Pre-2010
1993-01-01,0.089,142.8,,66.4179,,,18.6667,28.1867,4.7059,,3.2538,,,,Pre-2010
1993-02-01,0.087,143.1,,64.9254,,,14.4737,27.9964,3.5714,,3.2468,,,,Pre-2010
1993-03-01,0.088,143.3,,65.6716,,,15.7895,27.7184,2.3256,,3.0194,,,,Pre-2010
1993-04-01,0.088,143.8,,65.6716,,,15.7895,27.5954,2.3256,,3.1564,,,,Pre-2010
1993-05-01,0.09,144.2,,67.1642,,,18.4211,27.6106,3.4483,,3.2212,,,,Pre-2010
1993-06-01,0.094,144.3,,70.1493,,,11.9048,27.1366,2.1739,,2.9979,,,,Pre-2010
1993-07-01,0.095,144.5,,70.8955,,,13.0952,26.9772,3.2609,,2.847,,,,Pre-2010
1993-08-01,0.097,144.8,,72.3881,,,14.1176,26.6842,6.5934,,2.8409,,,,Pre-2010
1993-09-01,0.097,145.0,,72.3881,,,15.4762,26.4167,5.4348,,2.764,,,,Pre-2010
1993-10-01,0.093,145.6,,69.403,,,19.2308,26.6087,5.6818,,2.7523,,,,Pre-2010
1993-11-01,0.091,146.0,,67.9104,,,18.1818,26.5165,5.814,,2.7445,,,,Pre-2010
1993-12-01,0.09,146.3,,67.1642,,,16.8831,26.5571,2.2727,,2.811,,,,Pre-2010
1994-01-01,0.09,146.3,,67.1642,,,15.3846,26.1207,1.1236,,2.451,,,,Pre-2010
1994-02-01,0.09,146.7,,67.1642,,,15.3846,26.2478,3.4483,,2.5157,,,,Pre-2010
1994-03-01,0.089,147.1,,66.4179,,,14.1026,26.2661,1.1364,,2.6518,,,,Pre-2010
1994-04-01,0.088,147.2,,65.6716,,,14.2857,25.5973,0.0,,2.3644,,,,Pre-2010
1994-05-01,0.09,147.5,,67.1642,,,16.8831,25.5319,0.0,,2.2885,,,,Pre-2010
1994-06-01,0.095,147.9,,70.8955,,,13.0952,25.339,1.0638,,2.4948,,,,Pre-2010
1994-07-01,0.095,148.4,,70.8955,,,13.0952,25.2321,0.0,,2.699,,,,Pre-2010
1994-08-01,0.096,149.0,,71.6418,,,14.2857,25.2101,-1.0309,,2.9006,,,,Pre-2010
1994-09-01,0.096,149.3,,71.6418,,,14.2857,24.9372,-1.0309,,2.9655,,,,Pre-2010
1994-10-01,0.093,149.4,,69.403,,,16.25,24.6038,0.0,,2.6099,,,,Pre-2010
1994-11-01,0.091,149.8,,67.9104,,,16.6667,24.522,0.0,,2.6027,,,,Pre-2010
1994-12-01,0.091,150.1,,67.9104,,,16.6667,24.3579,1.1111,,2.5974,,,,Pre-2010
1995-01-01,0.091,150.5,,67.9104,,,15.1899,24.1749,1.1111,,2.8708,,,,Pre-2010
1995-02-01,0.091,150.9,,67.9104,,,15.1899,24.0954,1.1111,,2.863,,,,Pre-2010
1995-03-01,0.091,151.2,,67.9104,,,15.1899,23.7316,2.2472,,2.7872,,,,Pre-2010
1995-04-01,0.09,151.8,,67.1642,,,13.9241,23.3144,2.2727,,3.125,,,,Pre-2010
1995-05-01,0.092,152.1,,68.6567,,,15.0,22.9588,2.2222,,3.1186,,,,Pre-2010
1995-06-01,0.098,152.4,,73.1343,,,13.9535,22.8042,3.1579,,3.0426,,,,Pre-2010
1995-07-01,0.098,152.6,,73.1343,,,13.9535,22.5703,3.1579,,2.8302,,,,Pre-2010
1995-08-01,0.098,152.9,,73.1343,,,13.9535,22.8112,2.0833,,2.6174,,,,Pre-2010
1995-09-01,0.097,153.1,,72.3881,,,12.7907,22.6763,1.0417,,2.5452,,,,Pre-2010
1995-10-01,0.094,153.5,,70.1493,,,16.0494,22.4083,1.0753,,2.7443,,,,Pre-2010
1995-11-01,0.092,153.7,,68.6567,,,15.0,22.081,1.0989,,2.6035,,,,Pre-2010
1995-12-01,0.091,153.9,,67.9104,,,12.3457,21.8527,0.0,,2.5316,,,,Pre-2010
1996-01-01,0.091,154.7,,67.9104,,,12.3457,21.3333,0.0,,2.7907,,,,Pre-2010
1996-02-01,0.091,155.0,,67.9104,,,12.3457,21.0938,0.0,,2.717,,,,Pre-2010
1996-03-01,0.092,155.5,,68.6567,,,13.5802,20.9176,1.0989,,2.8439,,,,Pre-2010
1996-04-01,0.092,156.1,,68.6567,,,12.1951,21.1016,2.2222,,2.8327,,,,Pre-2010
1996-05-01,0.092,156.4,,68.6567,,,12.1951,21.1464,0.0,,2.8271,,,,Pre-2010
1996-06-01,0.096,156.7,,71.6418,,,9.0909,20.6313,-2.0408,,2.8215,,,,Pre-2010
1996-07-01,0.099,157.0,,73.8806,,,13.7931,20.3065,1.0204,,2.8834,,,,Pre-2010
1996-08-01,0.099,157.2,,73.8806,,,13.7931,19.4529,1.0204,,2.8123,,,,Pre-2010
1996-09-01,0.099,157.7,,73.8806,,,12.5,19.0189,2.0619,,3.0046,,,,Pre-2010
1996-10-01,0.095,158.2,,70.8955,,,14.4578,18.5907,1.0638,,3.0619,,,,Pre-2010
1996-11-01,0.092,158.7,,68.6567,,,12.1951,18.6986,0.0,,3.2531,,,,Pre-2010
1996-12-01,0.092,159.1,,68.6567,,,12.1951,18.5544,1.0989,,3.3788,,,,Pre-2010
1997-01-01,0.092,159.4,3.45,68.6567,170.7921,,9.5238,18.337,1.0989,,3.0381,,,,Pre-2010
1997-02-01,0.092,159.7,2.15,68.6567,106.4356,,9.5238,18.4718,1.0989,,3.0323,,,,Pre-2010
1997-03-01,0.093,159.8,1.89,69.403,93.5644,,9.4118,18.546,1.087,,2.7653,,,,Pre-2010
1997-04-01,0.092,159.9,2.03,68.6567,100.495,,9.5238,18.3568,0.0,,2.4343,,,,Pre-2010
1997-05-01,0.093,159.9,2.25,69.403,111.3861,,9.4118,17.9204,1.087,,2.2379,,,,Pre-2010
1997-06-01,0.099,160.2,2.2,73.8806,108.9109,,10.0,17.7941,3.125,,2.2336,,,,Pre-2010
1997-07-01,0.099,160.4,2.19,73.8806,108.4158,,8.7912,17.768,0.0,,2.1656,,,,Pre-2010
1997-08-01,0.098,160.8,2.49,73.1343,123.2673,,8.8889,17.716,-1.0101,,2.2901,,,,Pre-2010
1997-09-01,0.099,161.2,2.88,73.8806,142.5743,,8.7912,17.6642,0.0,,2.2194,,,,Pre-2010
1997-10-01,0.093,161.5,3.07,69.403,151.9802,,6.8966,17.7114,-2.1053,,2.086,,,,Pre-2010
1997-11-01,0.092,161.7,3.01,68.6567,149.0099,,9.5238,17.344,0.0,,1.8904,,,,Pre-2010
1997-12-01,0.09,161.8,2.35,67.1642,116.3366,123.5974,5.8824,17.0767,-2.1739,,1.697,,,,Pre-2010
1998-01-01,0.086,162.0,2.09,64.1791,103.4653,117.9868,1.1765,17.1367,-6.5217,-39.4203,1.6311,,,,Pre-2010
1998-02-01,0.085,162.0,2.23,63.4328,110.396,118.3168,1.1905,16.8831,-7.6087,3.7209,1.4402,,,,Pre-2010
1998-03-01,0.085,162.0,2.24,63.4328,110.8911,119.7607,-1.1628,16.463,-8.6022,18.5185,1.3767,,,,Pre-2010
1998-04-01,0.085,162.2,2.43,63.4328,120.297,121.4109,-1.1628,16.3558,-7.6087,19.7044,1.4384,,,,Pre-2010
1998-05-01,0.086,162.6,2.14,64.1791,105.9406,120.9571,-1.1494,16.3923,-7.5269,-4.8889,1.6886,,,,Pre-2010
1998-06-01,0.091,162.8,2.17,67.9104,107.4257,120.8333,-1.087,16.2027,-8.0808,-1.3636,1.623,,,,Pre-2010
1998-07-01,0.091,163.2,2.17,67.9104,107.4257,120.7508,-1.087,16.1566,-8.0808,-0.9132,1.7456,-39.4203,-0.0047,-8.0761,Pre-2010
1998-08-01,0.09,163.4,1.85,67.1642,91.5842,118.1106,-1.0989,16.0511,-8.1633,-25.7028,1.6169,3.7209,1.2834,-9.4466,Pre-2010
1998-09-01,0.089,163.5,2.02,66.4179,100.0,114.5627,-3.2609,15.8753,-10.101,-29.8611,1.4268,18.5185,1.5901,-11.6911,Pre-2010
1998-10-01,0.086,163.9,1.91,64.1791,94.5545,109.7772,-2.2727,15.6669,-7.5269,-37.785,1.4861,19.7044,1.6836,-9.2105,Pre-2010
1998-11-01,0.084,164.1,2.12,62.6866,104.9505,106.1056,-2.3256,15.4821,-8.6957,-29.5681,1.4842,-4.8889,0.8798,-9.5754,Pre-2010
1998-12-01,0.084,164.4,1.72,62.6866,85.1485,103.5066,-4.5455,15.5306,-6.6667,-26.8085,1.6069,-1.3636,1.1083,-7.7749,Pre-2010
1999-01-01,0.084,164.7,1.85,62.6866,91.5842,102.5165,-5.618,15.3361,-2.3256,-11.4833,1.6667,-0.9132,1.1782,-3.5038,Pre-2010
1999-02-01,0.084,164.7,1.77,62.6866,87.6238,100.6188,-3.4483,15.0943,-1.1765,-20.6278,1.6667,-25.7028,0.3696,-1.5461,Pre-2010
1999-03-01,0.084,164.8,1.79,62.6866,88.6139,98.7624,-4.5455,15.0035,-1.1765,-20.0893,1.7284,-29.8611,0.2911,-1.4676,Pre-2010
1999-04-01,0.084,165.9,2.15,62.6866,106.4356,97.6073,-4.5455,15.3686,-1.1765,-11.5226,2.2811,-37.785,0.544,-1.7205,Pre-2010
1999-05-01,0.085,166.0,2.26,63.4328,111.8812,98.1023,-5.5556,15.1179,-1.1628,5.6075,2.091,-29.5681,0.6362,-1.799,Pre-2010
1999-06-01,0.089,166.0,2.3,66.4179,113.8614,98.6386,-5.3191,15.0381,-2.1978,5.9908,1.9656,-26.8085,0.6101,-2.8079,Pre-2010
1999-07-01,0.09,166.7,2.31,67.1642,114.3564,99.2162,-5.2632,15.3633,-1.0989,6.4516,2.1446,-11.4833,1.2756,-2.3745,Pre-2010
1999-08-01,0.089,167.1,2.8,66.4179,138.6139,103.1353,-8.2474,15.4006,-1.1111,51.3514,2.2644,-20.6278,1.0882,-2.1993,Pre-2010
1999-09-01,0.09,167.8,2.55,67.1642,126.2376,105.3218,-7.2165,15.7241,1.1236,26.2376,2.63,-20.0893,1.444,-0.3204,Pre-2010
1999-10-01,0.087,168.1,2.73,64.9254,135.1485,108.7046,-6.4516,15.4533,1.1628,42.9319,2.5625,-11.5226,1.661,-0.4982,Pre-2010
1999-11-01,0.085,168.4,2.37,63.4328,117.3267,109.736,-6.5934,15.3425,1.1905,11.7925,2.6204,5.6075,2.2732,-1.0828,Pre-2010
1999-12-01,0.085,168.8,2.36,63.4328,116.8317,112.3762,-5.5556,15.3794,1.1905,37.2093,2.6764,5.9908,2.3376,-1.1471,Pre-2010
2000-01-01,0.084,169.3,2.42,62.6866,119.802,114.7277,-6.6667,15.7211,0.0,30.8108,2.793,6.4516,2.4604,-2.4604,Pre-2010
2000-02-01,0.085,170.0,2.66,63.4328,131.6832,118.3993,-5.5556,15.8828,1.1905,50.2825,3.218,51.3514,4.3182,-3.1277,Pre-2010
2000-03-01,0.085,171.0,2.79,63.4328,138.1188,122.5248,-4.4944,16.2475,1.1905,55.8659,3.7621,26.2376,4.0025,-2.812,Pre-2010
2000-04-01,0.085,170.9,3.04,63.4328,150.495,126.1964,-3.4091,16.1005,1.1905,41.3953,3.0139,42.9319,3.8547,-2.6642,Pre-2010
2000-05-01,0.085,171.2,3.59,63.4328,177.7228,131.6832,-5.5556,16.0678,0.0,58.8496,3.1325,11.7925,2.9488,-2.9488,Pre-2010
2000-06-01,0.09,172.2,4.29,67.1642,212.3762,139.8927,-5.2632,16.43,1.1236,86.5217,3.7349,37.2093,4.3352,-3.2116,Pre-2010
2000-07-01,0.091,172.7,3.99,67.9104,197.5248,146.8234,-4.2105,16.3747,1.1111,72.7273,3.5993,30.8108,4.001,-2.8899,Pre-2010
2000-08-01,0.091,172.7,4.43,67.9104,219.3069,153.5479,-5.2083,15.906,2.2472,58.2143,3.3513,50.2825,4.4067,-2.1595,Pre-2010
2000-09-01,0.091,173.6,5.06,67.9104,250.495,163.9026,-5.2083,16.276,1.1111,98.4314,3.4565,55.8659,4.6861,-3.575,Pre-2010
2000-10-01,0.088,173.9,5.02,65.6716,248.5149,173.3498,-5.3763,16.3989,1.1494,83.8828,3.4503,41.3953,4.2084,-3.059,Pre-2010
2000-11-01,0.086,174.2,5.52,64.1791,273.2673,186.3449,-5.4945,16.2884,1.1765,132.9114,3.4442,58.8496,4.772,-3.5956,Pre-2010
2000-12-01,0.086,174.6,8.9,64.1791,440.5941,213.3251,-5.4945,16.3225,1.1765,277.1186,3.436,86.5217,5.6671,-4.4906,Pre-2010
2001-01-01,0.088,175.6,8.17,65.6716,404.4554,237.0462,-3.2967,16.6777,4.7619,237.6033,3.7212,72.7273,5.481,-0.7191,Pre-2010
2001-02-01,0.088,176.0,5.61,65.6716,277.7228,249.2162,-3.2967,16.6335,3.5294,110.9023,3.5294,58.2143,4.8302,-1.3008,Pre-2010
2001-03-01,0.089,176.1,5.23,66.4179,258.9109,259.2822,-2.1978,16.4683,4.7059,87.4552,2.9825,98.4314,5.6359,-0.9301,Pre-2010
2001-04-01,0.089,176.4,5.19,66.4179,256.9307,268.1518,-1.1111,16.2055,4.7059,70.7237,3.2183,83.8828,5.3795,-0.6737,Pre-2010
2001-05-01,0.09,177.3,4.19,67.1642,207.4257,270.6271,-2.1739,16.568,5.8824,16.7131,3.5631,132.9114,7.2978,-1.4154,Pre-2010
2001-06-01,0.097,177.7,3.72,72.3881,184.1584,268.2756,-1.0204,16.601,7.7778,-13.2867,3.194,277.1186,11.66,-3.8822,Pre-2010
2001-07-01,0.099,177.4,3.11,73.8806,153.9604,264.6452,1.0204,16.2516,8.7912,-22.0551,2.7215,237.6033,9.934,-1.1428,Pre-2010
2001-08-01,0.098,177.4,2.97,73.1343,147.0297,258.6221,0.0,16.0235,7.6923,-32.9571,2.7215,110.9023,5.8013,1.891,Pre-2010
2001-09-01,0.097,178.1,2.19,72.3881,108.4158,246.7822,0.0,16.3292,6.5934,-56.7194,2.5922,87.4552,4.9168,1.6766,Pre-2010
2001-10-01,0.093,177.6,2.46,69.403,121.7822,236.2211,-1.0638,15.7003,5.6818,-50.996,2.1277,70.7237,3.9414,1.7405,Pre-2010
2001-11-01,0.09,177.5,2.34,67.1642,115.8416,223.1023,-2.1739,15.4847,4.6512,-57.6087,1.8944,16.7131,1.9638,2.6873,Pre-2010
2001-12-01,0.09,177.4,2.3,67.1642,113.8614,195.8746,-1.0989,15.2697,4.6512,-74.1573,1.6037,-13.2867,0.7163,3.9348,Pre-2010
2002-01-01,0.089,177.7,2.32,66.4179,114.8515,171.7409,-2.1978,14.8675,1.1364,-71.6034,1.1959,-22.0551,0.0531,1.0833,Pre-2010
2002-02-01,0.089,178.0,2.32,66.4179,114.8515,158.1683,-2.1978,14.8387,1.1364,-58.6453,1.1364,-32.9571,-0.3576,1.4939,Pre-2010
2002-03-01,0.089,178.5,3.03,66.4179,150.0,149.0924,-3.2609,14.791,0.0,-42.065,1.3629,-56.7194,-0.9231,0.9231,Pre-2010
2002-04-01,0.088,179.3,3.43,65.6716,169.802,141.8317,-4.3478,14.8623,-1.1236,-33.9114,1.644,-50.996,-0.4763,-0.6473,Pre-2010
2002-05-01,0.089,179.5,3.5,66.4179,173.2673,138.9851,-3.2609,14.7698,-1.1111,-16.4678,1.2408,-57.6087,-1.065,-0.0461,Pre-2010
2002-06-01,0.095,179.6,3.26,70.8955,161.3861,137.0875,-1.0417,14.6139,-2.0619,-12.3656,1.0692,-74.1573,-1.7636,-0.2983,Pre-2010
2002-07-01,0.095,180.0,2.99,70.8955,148.0198,136.5924,-4.0404,14.6497,-4.0404,-3.8585,1.4656,-71.6034,-1.3135,-2.7269,Pre-2010
2002-08-01,0.095,180.5,3.09,70.8955,152.9703,137.0875,-4.0404,14.8219,-3.0612,4.0404,1.7475,-58.6453,-0.6301,-2.4311,Pre-2010
2002-09-01,0.095,180.8,3.55,70.8955,175.7426,142.698,-4.0404,14.6481,-2.0619,62.1005,1.516,-42.065,-0.3034,-1.7584,Pre-2010
2002-10-01,0.091,181.2,4.13,67.9104,204.4554,149.5875,-4.2105,14.5386,-2.1505,67.8862,2.027,-33.9114,0.4353,-2.5858,Pre-2010
2002-11-01,0.089,181.5,4.04,66.4179,200.0,156.6007,-3.2609,14.3667,-1.1111,72.6496,2.2535,-16.4678,1.2138,-2.3249,Pre-2010
2002-12-01,0.089,181.8,4.74,66.4179,234.6535,166.6667,-3.2609,14.2678,-1.1111,106.087,2.4803,-12.3656,1.5574,-2.6685,Pre-2010
2003-01-01,0.089,182.6,5.43,66.4179,268.8119,179.4967,-3.2609,14.5546,0.0,134.0517,2.7575,-3.8585,2.0913,-2.0913,Pre-2010
2003-02-01,0.089,183.6,7.71,66.4179,381.6832,201.7327,-3.2609,14.9656,0.0,232.3276,3.1461,4.0404,2.7085,-2.7085,Pre-2010
2003-03-01,0.089,183.9,5.93,66.4179,293.5644,213.6964,-4.3011,15.0814,0.0,95.7096,3.0252,62.1005,4.4905,-4.4905,Pre-2010
2003-04-01,0.091,183.2,5.26,67.9104,260.396,221.2459,-1.087,14.5716,3.4091,53.3528,2.1751,67.8862,3.8927,-0.4836,Pre-2010
2003-05-01,0.092,182.9,5.81,68.6567,287.6238,230.7756,-1.0753,14.384,3.3708,66.0,1.8942,72.6496,3.7881,-0.4173,Pre-2010
2003-06-01,0.097,183.1,5.82,72.3881,288.1188,241.3366,-2.0202,14.2946,2.1053,78.5276,1.9488,106.087,4.9293,-2.8241,Pre-2010
2003-07-01,0.098,183.7,5.03,73.1343,249.0099,249.7525,-1.0101,14.5262,3.1579,68.2274,2.0556,134.0517,5.9403,-2.7824,Pre-2010
2003-08-01,0.098,184.5,4.99,73.1343,247.0297,257.5908,0.0,14.7388,3.1579,61.4887,2.2161,232.3276,9.2943,-6.1364,Pre-2010
2003-09-01,0.098,185.1,4.62,73.1343,228.7129,262.005,-1.0101,14.8263,3.1579,30.1408,2.3783,95.7096,4.9882,-1.8303,Pre-2010
2003-10-01,0.093,184.9,4.63,69.403,229.2079,264.0677,0.0,14.4892,2.1978,12.1065,2.0419,53.3528,3.2954,-1.0976,Pre-2010
2003-11-01,0.09,185.0,4.47,67.1642,221.2871,265.8416,-2.1739,14.4094,1.1236,10.6436,1.9284,66.0,3.6029,-2.4793,Pre-2010
2003-12-01,0.09,185.5,6.13,67.1642,303.4653,271.5759,0.0,14.6477,1.1236,29.3249,2.0352,78.5276,4.1104,-2.9868,Pre-2010
2004-01-01,0.091,186.3,6.14,67.9104,303.9604,274.505,5.814,15.0,2.2472,13.0755,2.0263,68.2274,3.7661,-1.519,Pre-2010
2004-02-01,0.091,186.7,5.37,67.9104,265.8416,264.8515,7.0588,15.2469,2.2472,-30.3502,1.6885,61.4887,3.2338,-0.9866,Pre-2010
2004-03-01,0.091,187.1,5.39,67.9104,266.8317,262.6238,7.0588,15.4938,2.2472,-9.1062,1.7401,30.1408,2.2591,-0.0119,Pre-2010
2004-04-01,0.091,187.4,5.71,67.9104,282.6733,264.4802,7.0588,15.5364,0.0,8.5551,2.2926,12.1065,2.182,-2.182,Pre-2010
2004-05-01,0.093,188.2,6.33,69.403,313.3663,266.6254,8.1395,15.7442,1.087,8.9501,2.8978,10.6436,2.6941,-1.6072,Pre-2010
2004-06-01,0.099,188.9,6.27,73.8806,310.396,268.4818,8.7912,16.0319,2.0619,7.732,3.1677,29.3249,3.5532,-1.4913,Pre-2010
2004-07-01,0.099,189.1,5.93,73.8806,293.5644,272.1947,8.7912,15.8701,1.0204,17.8926,2.9396,13.0755,2.8121,-1.7917,Pre-2010
2004-08-01,0.1,189.2,5.41,74.6269,267.8218,273.9274,11.1111,15.7895,2.0408,8.4168,2.5474,-30.3502,1.0329,1.0079,Pre-2010
2004-09-01,0.099,189.8,5.15,73.8806,254.9505,276.1139,11.236,16.0856,1.0204,11.4719,2.5392,-9.1062,1.7182,-0.6978,Pre-2010
2004-10-01,0.094,190.8,6.35,70.1493,314.3564,283.2096,9.3023,16.4124,1.0753,37.149,3.1909,8.5551,2.8972,-1.822,Pre-2010
2004-11-01,0.092,191.7,6.17,68.6567,305.4455,290.2228,9.5238,16.819,2.2222,38.0313,3.6216,8.9501,3.3086,-1.0864,Pre-2010
2004-12-01,0.092,191.7,6.58,68.6567,325.7426,292.0792,9.5238,16.6058,2.2222,7.3409,3.3423,7.732,3.0105,-0.7882,Pre-2010
2005-01-01,0.094,191.6,6.15,70.1493,304.4554,292.1205,11.9048,16.3327,3.2967,0.1629,2.8449,17.8926,2.8817,0.415,Pre-2010
2005-02-01,0.094,192.4,6.14,70.1493,303.9604,295.297,11.9048,16.8185,3.2967,14.3389,3.053,8.4168,2.7652,0.5315,Pre-2010
2005-03-01,0.094,193.1,6.96,70.1493,344.5545,301.7739,11.9048,17.1723,3.2967,29.128,3.2068,11.4719,3.0071,0.2896,Pre-2010
2005-04-01,0.095,193.7,7.16,70.8955,354.4554,307.7558,13.0952,16.7571,4.3956,25.394,3.3618,37.149,3.988,0.4076,Pre-2010
2005-05-01,0.097,193.6,6.47,72.3881,320.297,308.3333,14.1176,16.6265,4.3011,2.2117,2.8693,38.0313,3.5611,0.74,Pre-2010
2005-06-01,0.104,193.7,7.18,77.6119,355.4455,312.0875,16.8539,16.6867,5.0505,14.5136,2.541,7.3409,2.2564,2.7941,Pre-2010
2005-07-01,0.105,194.9,7.63,78.3582,377.7228,319.1007,16.6667,16.9166,6.0606,28.6678,3.0672,0.1629,2.509,3.5516,Pre-2010
2005-08-01,0.105,196.1,9.53,78.3582,471.7822,336.0974,17.9775,17.3549,5.0,76.1553,3.6469,14.3389,3.5078,1.4922,Pre-2010
2005-09-01,0.106,198.8,11.75,79.1045,581.6832,363.3251,17.7778,18.4744,7.0707,128.1553,4.7418,29.128,5.0031,2.0676,Pre-2010
2005-10-01,0.102,199.1,13.42,76.1194,664.3564,392.4917,17.2414,18.4414,8.5106,111.3386,4.3501,25.394,4.5189,3.9917,Pre-2010
2005-11-01,0.102,198.1,10.3,76.1194,509.901,409.5297,20.0,17.6366,10.8696,66.9368,3.3385,2.2117,2.8269,8.0427,Pre-2010
2005-12-01,0.102,198.1,13.05,76.1194,646.0396,436.2211,20.0,17.3578,10.8696,98.3283,3.3385,14.5136,3.2282,7.6414,Pre-2010
2006-01-01,0.108,199.3,8.69,80.597,430.198,446.6997,28.5714,17.72,14.8936,41.3008,4.0188,28.6678,4.3192,10.5744,Pre-2010
2006-02-01,0.108,199.4,7.54,80.597,373.2673,452.4752,27.0588,17.2941,14.8936,22.8013,3.6383,76.1553,5.5161,9.3776,Pre-2010
2006-03-01,0.109,199.7,6.89,81.3433,341.0891,452.1865,28.2353,16.7836,15.9574,-1.0057,3.4179,128.1553,7.0083,8.9491,Pre-2010
2006-04-01,0.109,200.7,7.16,81.3433,354.4554,452.1865,28.2353,17.4371,14.7368,0.0,3.6138,111.3386,6.6411,8.0958,Pre-2010
2006-05-01,0.11,201.3,6.25,82.0896,309.4059,451.2789,29.4118,17.5818,13.4021,-3.4003,3.9773,66.9368,5.529,7.873,Pre-2010
2006-06-01,0.118,201.8,6.21,88.0597,307.4257,447.2772,31.1111,17.1893,13.4615,-13.5097,4.1817,98.3283,6.7421,6.7195,Pre-2010
2006-07-01,0.118,202.9,6.17,88.0597,305.4455,441.2541,29.6703,17.487,12.381,-19.135,4.1047,41.3008,4.8107,7.5703,Pre-2010
2006-08-01,0.118,203.8,7.14,88.0597,353.4653,431.3944,29.6703,18.0081,12.381,-25.0787,3.9266,22.8013,4.0425,8.3384,Pre-2010
2006-09-01,0.118,202.8,4.9,88.0597,242.5743,403.1353,29.6703,16.8203,11.3208,-58.2979,2.0121,-1.0057,1.4948,9.826,Pre-2010
2006-10-01,0.112,201.9,5.85,83.5821,289.604,371.9059,27.2727,16.1012,9.8039,-56.4083,1.4063,0.0,0.9672,8.8368,Pre-2010
2006-11-01,0.11,202.0,7.41,82.0896,366.8317,359.9835,27.907,15.9587,7.8431,-28.0583,1.9687,-3.4003,1.3765,6.4666,Pre-2010
2006-12-01,0.11,203.1,6.73,82.0896,333.1683,333.9109,27.907,16.323,7.8431,-48.4291,2.524,-13.5097,1.5605,6.2826,Pre-2010
2007-01-01,0.113,203.437,6.55,84.3284,324.2574,325.0825,28.4091,15.8525,4.6296,-24.626,2.0758,-19.135,0.9624,3.6673,Pre-2010
2007-02-01,0.113,204.226,8.0,84.3284,396.0396,326.9802,28.4091,16.0375,4.6296,6.1008,2.4203,-25.0787,1.0872,3.5424,Pre-2010
2007-03-01,0.113,205.288,7.11,84.3284,351.9802,327.8878,26.9663,16.5747,3.6697,3.193,2.7982,-58.2979,0.3533,3.3164,Pre-2010
2007-04-01,0.113,205.904,7.6,84.3284,376.2376,329.703,26.9663,16.7256,3.6697,6.1453,2.5929,-56.4083,0.225,3.4447,Pre-2010
2007-05-01,0.115,206.755,7.64,85.8209,378.2178,335.4373,27.7778,16.6131,4.5455,22.24,2.7099,-28.0583,1.258,3.2875,Pre-2010
2007-06-01,0.122,207.234,7.35,91.0448,363.8614,340.1403,25.7732,16.6201,3.3898,18.3575,2.6928,-48.4291,0.5777,2.8122,Pre-2010
2007-07-01,0.122,207.603,6.22,91.0448,307.9208,340.3465,23.2323,17.0254,3.3898,0.8104,2.3179,-24.626,1.0073,2.3826,Pre-2010
2007-08-01,0.121,207.667,6.22,90.2985,307.9208,336.5512,23.4694,17.0614,2.5424,-12.8852,1.8974,6.1008,1.6205,0.9219,Pre-2010
2007-09-01,0.121,208.547,6.08,90.2985,300.9901,341.4191,24.7423,17.0955,2.5424,24.0816,2.8338,3.193,2.392,0.1504,Pre-2010
2007-10-01,0.117,209.19,6.74,87.3134,333.6634,345.0908,25.8065,17.7872,4.4643,15.2137,3.6107,6.1453,3.207,1.2573,Pre-2010
2007-11-01,0.115,210.834,7.1,85.8209,351.4851,343.8119,27.7778,18.7797,4.5455,-4.1835,4.3733,22.24,4.4375,0.108,Pre-2010
2007-12-01,0.115,211.445,7.11,85.8209,351.9802,345.3795,27.7778,19.1911,4.5455,5.6464,4.1088,18.3575,4.0662,0.4793,Pre-2010
2008-01-01,0.116,212.174,7.99,86.5672,395.5446,351.3201,30.3371,19.4001,2.6549,21.9847,4.2947,0.8104,3.6658,-1.0109,Pre-2010
2008-02-01,0.116,212.687,8.54,86.5672,422.7723,353.5479,30.3371,19.4871,2.6549,6.75,4.143,-12.8852,3.0787,-0.4238,Pre-2010
2008-03-01,0.116,213.448,9.41,86.5672,465.8416,363.0363,30.3371,19.5787,2.6549,32.3488,3.9749,24.0816,4.129,-1.4741,Pre-2010
2008-04-01,0.118,213.942,10.18,88.0597,503.9604,373.6799,34.0909,19.3207,4.4248,33.9474,3.9038,15.2137,3.7739,0.6509,Pre-2010
2008-05-01,0.12,215.208,11.27,89.5522,557.9208,388.6551,34.8315,19.893,4.3478,47.5131,4.0884,-4.1835,3.3121,1.0358,Pre-2010
2008-06-01,0.128,217.463,12.69,95.5224,628.2178,410.6848,34.7368,21.0818,4.918,72.6531,4.936,5.6464,4.4168,0.5012,Pre-2010
2008-07-01,0.131,219.016,11.09,97.7612,549.0099,430.7756,37.8947,21.6756,7.377,78.2958,5.4975,21.9847,5.4692,1.9078,Pre-2010
2008-08-01,0.132,218.69,8.26,98.5075,408.9109,439.1914,38.9474,21.1579,9.0909,32.7974,5.308,6.75,4.797,4.2939,Pre-2010
2008-09-01,0.13,218.877,7.67,97.0149,379.703,445.7508,36.8421,21.0603,7.438,26.1513,4.9533,32.3488,5.3038,2.1342,Pre-2010
2008-10-01,0.126,216.995,6.74,94.0299,333.6634,445.7508,38.4615,19.7544,7.6923,0.0,3.7311,33.9474,4.2252,3.4671,Pre-2010
2008-11-01,0.123,213.153,6.68,91.791,330.6931,444.0182,38.2022,17.4397,6.9565,-5.9155,1.0999,47.5131,2.2335,4.7231,Pre-2010
2008-12-01,0.124,211.398,5.82,92.5373,288.1188,438.6964,39.3258,16.2805,7.8261,-18.1435,-0.0222,72.6531,2.0153,5.8108,Pre-2010
2009-01-01,0.126,211.933,5.24,94.0299,259.4059,427.3515,41.573,16.0641,8.6207,-34.418,-0.1136,78.2958,2.1148,6.5059,Pre-2010
2009-02-01,0.126,212.705,4.52,94.0299,223.7624,410.7673,41.573,15.8524,8.6207,-47.0726,0.0085,32.7974,0.7437,7.877,Pre-2010
2009-03-01,0.126,212.495,3.96,94.0299,196.0396,388.2838,41.573,15.5492,8.6207,-57.9171,-0.4465,26.1513,0.106,8.5147,Pre-2010
2009-04-01,0.125,212.709,3.5,93.2836,173.2673,360.7261,37.3626,16.1075,5.9322,-65.6189,-0.5763,0.0,-0.8671,6.7993,Pre-2010
2009-05-01,0.126,213.022,3.83,94.0299,189.604,330.033,36.9565,16.4691,5.0,-66.016,-1.0158,-5.9155,-1.4666,6.4666,Pre-2010
2009-06-01,0.132,214.79,3.8,98.5075,188.1188,293.3581,36.0825,17.3075,3.125,-70.0552,-1.2292,-18.1435,-2.0629,5.1879,Pre-2010
2009-07-01,0.131,214.726,3.38,97.7612,167.3267,261.5512,33.6735,16.8895,0.0,-69.5221,-1.9588,-34.418,-3.2687,3.2687,Pre-2010
2009-08-01,0.13,215.445,3.14,97.0149,155.4455,240.429,32.6531,16.7724,-1.5152,-61.9855,-1.4838,-47.0726,-3.2421,1.7269,Pre-2010
2009-09-01,0.13,215.861,2.99,97.0149,148.0198,221.1221,32.6531,16.6186,0.0,-61.0169,-1.3779,-57.9171,-3.4978,3.4978,Pre-2010
2009-10-01,0.126,216.509,4.01,94.0299,198.5149,209.8597,35.4839,17.0952,0.0,-40.5045,-0.224,-65.6189,-2.6815,2.6815,Pre-2010
2009-11-01,0.124,217.234,3.66,92.5373,181.1881,197.401,37.7778,17.4238,0.813,-45.2096,1.9146,-66.016,-0.7159,1.5289,Pre-2010
2009-12-01,0.124,217.347,5.35,92.5373,264.8515,195.462,37.7778,17.1682,0.0,-8.0756,2.8141,-70.0552,-0.0154,0.0154,Pre-2010
2010-01-01,0.124,217.488,5.83,92.5373,288.6139,197.896,36.2637,16.7407,-1.5873,11.2595,2.6211,-69.5221,-0.1766,-1.4107,Shale decade (2010-2019)
2010-02-01,0.123,217.281,5.32,91.791,263.3663,201.1964,35.1648,16.3798,-2.381,17.6991,2.1513,-61.9855,-0.3654,-2.0155,Shale decade (2010-2019)
2010-03-01,0.125,217.353,4.29,93.2836,212.3762,202.5578,37.3626,16.1694,-0.7937,8.3333,2.2862,-61.0169,-0.2091,-0.5846,Shale decade (2010-2019)
2010-04-01,0.126,217.403,4.03,94.0299,199.505,204.7442,38.4615,16.0101,0.8,15.1429,2.2068,-40.5045,0.3865,0.4135,Shale decade (2010-2019)
2010-05-01,0.127,217.29,4.14,94.7761,204.9505,206.0231,36.5591,15.457,0.7937,8.094,2.0035,-45.2096,0.0451,0.7486,Shale decade (2010-2019)
2010-06-01,0.132,217.199,4.8,98.5075,237.6238,210.1485,33.3333,14.9809,0.0,26.3158,1.1216,-8.0756,0.4403,-0.4403,Shale decade (2010-2019)
2010-07-01,0.133,217.605,4.63,99.2537,229.2079,215.3053,34.3434,15.074,1.5267,36.9822,1.3408,11.2595,1.2738,0.2529,Shale decade (2010-2019)
2010-08-01,0.133,217.923,4.32,99.2537,213.8614,220.1733,33.0,15.1813,2.3077,37.5796,1.1502,17.6991,1.3075,1.0002,Shale decade (2010-2019)
2010-09-01,0.132,218.275,3.89,98.5075,192.5743,223.8861,33.3333,15.0026,1.5385,30.1003,1.1183,8.3333,0.9725,0.5659,Shale decade (2010-2019)
2010-10-01,0.127,219.035,3.43,94.7761,169.802,221.4934,35.1064,14.7982,0.7937,-14.4638,1.1667,15.1429,1.2394,-0.4457,Shale decade (2010-2019)
2010-11-01,0.125,219.59,3.71,93.2836,183.6634,221.6997,35.8696,14.5488,0.8065,1.3661,1.0845,8.094,0.9335,-0.127,Shale decade (2010-2019)
2010-12-01,0.125,220.472,4.25,93.2836,210.396,217.1617,35.8696,15.0089,0.8065,-20.5607,1.4378,26.3158,1.8546,-1.0482,Shale decade (2010-2019)
2011-01-01,0.125,221.187,4.49,93.2836,222.2772,211.6337,32.9787,15.4421,0.8065,-22.9846,1.7008,36.9822,2.4459,-1.6394,Shale decade (2010-2019)
2011-02-01,0.125,221.898,4.09,93.2836,202.4752,206.5594,32.9787,15.3316,1.626,-23.1203,2.1249,37.5796,2.8577,-1.2317,Shale decade (2010-2019)
2011-03-01,0.127,223.046,3.97,94.7761,196.5347,205.2393,35.1064,15.508,1.6,-7.4592,2.6192,30.1003,3.0711,-1.4711,Shale decade (2010-2019)
2011-04-01,0.127,224.093,4.24,94.7761,209.901,206.1056,33.6842,15.6908,0.7937,5.2109,3.0772,-14.4638,2.0412,-1.2476,Shale decade (2010-2019)
2011-05-01,0.129,224.806,4.31,96.2687,213.3663,206.8069,32.9897,16.1188,1.5748,4.1063,3.459,1.3661,2.9107,-1.3359,Shale decade (2010-2019)
2011-06-01,0.134,224.806,4.54,100.0,224.7525,205.7343,28.8462,16.0589,1.5152,-5.4167,3.5023,-20.5607,2.2356,-0.7205,Shale decade (2010-2019)
2011-07-01,0.135,225.395,4.42,100.7463,218.8119,204.868,28.5714,15.6465,1.5038,-4.5356,3.5799,-22.9846,2.2283,-0.7246,Shale decade (2010-2019)
2011-08-01,0.135,226.106,4.06,100.7463,200.9901,203.7954,28.5714,15.3014,1.5038,-6.0185,3.755,-23.1203,2.3859,-0.8822,Shale decade (2010-2019)
2011-09-01,0.135,226.597,3.9,100.7463,193.0693,203.8366,27.3585,13.9824,2.2727,0.2571,3.8126,-7.4592,2.9501,-0.6773,Shale decade (2010-2019)
2011-10-01,0.13,226.75,3.57,97.0149,176.7327,204.4142,27.451,13.8875,2.3622,4.0816,3.5223,5.2109,3.0947,-0.7325,Shale decade (2010-2019)
2011-11-01,0.128,227.169,3.24,95.5224,160.396,202.4752,25.4902,14.6739,2.4,-12.6685,3.4514,4.1063,2.9931,-0.5931,Shale decade (2010-2019)
2011-12-01,0.127,227.223,3.17,94.7761,156.9307,198.0198,24.5098,14.7012,1.6,-25.4118,3.0621,-5.4167,2.3223,-0.7223,Shale decade (2010-2019)
2012-01-01,0.128,227.842,2.67,95.5224,132.1782,190.5116,18.5185,14.3211,2.4,-40.5345,3.0088,-4.5356,2.3017,0.0983,Shale decade (2010-2019)
2012-02-01,0.128,228.329,2.51,95.5224,124.2574,183.9934,18.5185,14.508,2.4,-38.6308,2.8982,-6.0185,2.151,0.249,Shale decade (2010-2019)
2012-03-01,0.127,228.807,2.17,94.7761,107.4257,176.5677,16.5138,14.5754,0.0,-45.3401,2.5829,0.2571,2.064,-2.064,Shale decade (2010-2019)
2012-04-01,0.127,229.187,1.95,94.7761,96.5347,167.1205,16.5138,14.1938,0.0,-54.0094,2.2732,4.0816,1.9023,-1.9023,Shale decade (2010-2019)
2012-05-01,0.129,228.713,2.43,96.2687,120.297,159.3647,17.2727,13.618,0.0,-43.6195,1.7379,-12.6685,0.8607,-0.8607,Shale decade (2010-2019)
2012-06-01,0.135,228.524,2.46,100.7463,121.7822,150.7838,14.4068,13.2428,0.7463,-45.815,1.6539,-25.4118,0.3673,0.379,Shale decade (2010-2019)
2012-07-01,0.133,228.59,2.95,99.2537,146.0396,144.7195,12.7119,12.6614,-1.4815,-33.2579,1.4175,-40.5345,-0.3446,-1.1368,Shale decade (2010-2019)
2012-08-01,0.133,229.918,2.84,99.2537,140.5941,139.6865,12.7119,12.8155,-1.4815,-30.0493,1.6859,-38.6308,-0.0342,-1.4473,Shale decade (2010-2019)
2012-09-01,0.133,231.015,2.85,99.2537,141.0891,135.3548,12.7119,13.9127,-1.4815,-26.9231,1.9497,-45.3401,-0.009,-1.4725,Shale decade (2010-2019)
2012-10-01,0.128,231.638,3.32,95.5224,164.3564,134.3234,14.2857,14.7291,-1.5385,-7.0028,2.1557,-54.0094,-0.1012,-1.4372,Shale decade (2010-2019)
2012-11-01,0.127,231.249,3.54,94.7761,175.2475,135.5611,15.4545,14.4797,-0.7812,9.2593,1.796,-43.6195,-0.0951,-0.6862,Shale decade (2010-2019)
2012-12-01,0.127,231.221,3.34,94.7761,165.3465,136.2624,15.4545,13.8459,0.0,5.3628,1.7595,-45.815,-0.2005,0.2005,Shale decade (2010-2019)
2013-01-01,0.129,231.679,3.33,96.2687,164.8515,138.9851,14.1593,13.8824,0.7812,24.7191,1.6841,-33.2579,0.1393,0.6419,Shale decade (2010-2019)
2013-02-01,0.129,232.937,3.33,96.2687,164.8515,142.368,14.1593,14.0584,0.7812,32.6693,2.0181,-30.0493,0.553,0.2282,Shale decade (2010-2019)
2013-03-01,0.128,232.282,3.81,95.5224,188.6139,149.1337,13.2743,13.1493,0.7874,75.576,1.5187,-26.9231,0.193,0.5944,Shale decade (2010-2019)
2013-04-01,0.128,231.797,4.17,95.5224,206.4356,158.2921,13.2743,12.5753,0.7874,113.8462,1.1388,-7.0028,0.4912,0.2962,Shale decade (2010-2019)
2013-05-01,0.131,231.893,4.04,97.7612,200.0,164.934,13.913,12.1584,1.5504,66.2551,1.3904,9.2593,1.2544,0.296,Shale decade (2010-2019)
2013-06-01,0.137,232.445,3.83,102.2388,189.604,170.5858,12.2951,12.1655,1.4815,55.6911,1.7158,5.3628,1.4284,0.0531,Shale decade (2010-2019)
2013-07-01,0.137,232.9,3.62,102.2388,179.2079,173.3498,12.2951,12.1853,3.0075,22.7119,1.8855,24.7191,2.2167,0.7908,Shale decade (2010-2019)
2013-08-01,0.137,233.456,3.43,102.2388,169.802,175.7838,13.2231,12.4184,3.0075,20.7746,1.5388,32.6693,2.1553,0.8522,Shale decade (2010-2019)
2013-09-01,0.137,233.544,3.62,102.2388,179.2079,178.9604,13.2231,11.9863,3.0075,27.0175,1.0947,75.576,3.144,-0.1365,Shale decade (2010-2019)
2013-10-01,0.132,233.669,3.68,98.5075,182.1782,180.4455,12.8205,11.7018,3.125,10.8434,0.8768,113.8462,4.1907,-1.0657,Shale decade (2010-2019)
2013-11-01,0.13,234.1,3.64,97.0149,180.198,180.8581,13.0435,11.0352,2.3622,2.8249,1.2329,66.2551,2.9678,-0.6056,Shale decade (2010-2019)
2013-12-01,0.131,234.719,4.24,97.7612,209.901,184.571,13.913,11.0071,3.1496,26.9461,1.5128,55.6911,2.8822,0.2674,Shale decade (2010-2019)
2014-01-01,0.134,235.288,4.71,100.0,233.1683,190.264,15.5172,10.8939,3.876,41.4414,1.5578,22.7119,1.8481,2.0279,Shale decade (2010-2019)
2014-02-01,0.134,235.547,6.0,100.0,297.0297,201.2789,15.5172,10.7482,3.876,80.1802,1.1205,20.7746,1.3803,2.4956,Shale decade (2010-2019)
2014-03-01,0.135,236.028,4.9,100.7463,242.5743,205.7756,16.3793,10.5787,5.4688,28.6089,1.6127,27.0175,2.0393,3.4294,Shale decade (2010-2019)
2014-04-01,0.131,236.468,4.66,97.7612,230.6931,207.797,11.0169,10.529,2.3438,11.7506,2.0151,10.8434,1.8841,0.4597,Shale decade (2010-2019)
2014-05-01,0.136,236.918,4.58,101.4925,226.7327,210.0248,13.3333,10.0879,3.8168,13.3663,2.1669,2.8249,1.763,2.0538,Shale decade (2010-2019)
2014-06-01,0.143,237.231,4.59,106.7164,227.2277,213.1601,11.7187,9.0903,4.3796,19.8433,2.059,26.9461,2.4499,1.9297,Shale decade (2010-2019)
2014-07-01,0.143,237.498,4.05,106.7164,200.495,214.934,9.1603,8.4387,4.3796,11.8785,1.9742,41.4414,2.8443,1.5353,Shale decade (2010-2019)
2014-08-01,0.143,237.46,3.91,106.7164,193.5644,216.9142,8.3333,8.5829,4.3796,13.9942,1.7151,80.1802,3.8681,0.5114,Shale decade (2010-2019)
2014-09-01,0.141,237.477,3.92,105.2239,194.0594,218.1518,8.4615,8.4979,2.9197,8.2873,1.6841,28.6089,2.1573,0.7625,Shale decade (2010-2019)
2014-10-01,0.136,237.43,3.78,101.4925,187.1287,218.5644,7.9365,9.4173,3.0303,2.7174,1.6095,11.7506,1.5384,1.4919,Shale decade (2010-2019)
2014-11-01,0.134,236.983,4.12,100.0,203.9604,220.5446,8.9431,11.1798,3.0769,13.1868,1.2315,13.3663,1.2414,1.8355,Shale decade (2010-2019)
2014-12-01,0.135,236.252,3.48,100.7463,172.2772,217.4092,8.871,11.757,3.0534,-17.9245,0.6531,19.8433,0.9176,2.1359,Shale decade (2010-2019)
2015-01-01,0.138,234.747,2.99,102.9851,148.0198,210.3135,9.5238,10.7647,2.9851,-36.518,-0.2299,11.8785,-0.1592,3.1443,Shale decade (2010-2019)
2015-02-01,0.138,235.342,2.87,102.9851,142.0792,197.401,9.5238,10.6424,2.9851,-52.1667,-0.087,13.9942,0.042,2.943,Shale decade (2010-2019)
2015-03-01,0.136,235.976,2.83,101.4925,140.099,188.8614,7.9365,11.0501,0.7407,-42.2449,-0.022,8.2873,-0.084,0.8247,Shale decade (2010-2019)
2015-04-01,0.137,236.222,2.61,102.2388,129.2079,180.4043,9.6,11.0541,4.5802,-43.9914,-0.104,2.7174,-0.3415,4.9217,Shale decade (2010-2019)
2015-05-01,0.137,237.001,2.85,102.2388,141.0891,173.2673,8.7302,11.2566,0.7353,-37.7729,0.035,13.1868,0.1286,0.6067,Shale decade (2010-2019)
2015-06-01,0.143,237.657,2.78,106.7164,137.6238,165.8003,8.3333,10.6462,0.0,-39.4336,0.1796,-17.9245,-0.7524,0.7524,Shale decade (2010-2019)
2015-07-01,0.142,238.034,2.84,105.9701,140.5941,160.8086,8.3969,10.8548,-0.6993,-29.8765,0.2257,-36.518,-1.3163,0.617,Shale decade (2010-2019)
2015-08-01,0.142,238.033,2.77,105.9701,137.1287,156.1056,9.2308,10.4843,-0.6993,-29.156,0.2413,-52.1667,-1.8122,1.1129,Shale decade (2010-2019)
2015-09-01,0.141,237.498,2.66,105.2239,131.6832,150.9076,8.4615,10.0236,0.0,-32.1429,0.0088,-42.2449,-1.7037,1.7037,Shale decade (2010-2019)
2015-10-01,0.136,237.733,2.34,101.4925,115.8416,144.967,7.9365,9.8028,0.0,-38.0952,0.1276,-43.9914,-1.6507,1.6507,Shale decade (2010-2019)
2015-11-01,0.134,238.017,2.09,100.0,103.4653,136.5924,8.0645,9.5671,0.0,-49.2718,0.4363,-37.7729,-1.1623,1.1623,Shale decade (2010-2019)
2015-12-01,0.133,237.761,1.93,99.2537,95.5446,130.198,7.2581,9.3924,-1.4815,-44.5402,0.6387,-39.4336,-1.0292,-0.4523,Shale decade (2010-2019)
2016-01-01,0.134,237.652,2.28,100.0,112.8713,127.269,8.0645,9.2713,-2.8986,-23.7458,1.2375,-29.8765,-0.1635,-2.735,Shale decade (2010-2019)
2016-02-01,0.134,237.336,1.99,100.0,98.5149,123.6386,8.9431,9.23,-2.8986,-30.662,0.8473,-29.156,-0.501,-2.3975,Shale decade (2010-2019)
2016-03-01,0.134,238.08,1.73,100.0,85.6436,119.1007,7.2,9.5361,-1.4706,-38.8693,0.8916,-32.1429,-0.5575,-0.9131,Shale decade (2010-2019)
2016-04-01,0.134,238.992,1.92,100.0,95.0495,116.2541,6.3492,9.9304,-2.1898,-26.4368,1.1726,-38.0952,-0.4916,-1.6982,Shale decade (2010-2019)
2016-05-01,0.133,239.557,1.92,99.2537,95.0495,112.4175,4.7244,10.2476,-2.9197,-32.6316,1.0785,-49.2718,-0.9433,-1.9764,Shale decade (2010-2019)
2016-06-01,0.138,240.222,2.59,102.9851,128.2178,111.6337,4.5455,10.6,-3.4965,-6.8345,1.0793,-44.5402,-0.7882,-2.7083,Shale decade (2010-2019)
2016-07-01,0.139,240.101,2.82,103.7313,139.604,111.5512,4.5113,10.338,-2.1127,-0.7042,0.8684,-23.7458,-0.3051,-1.8076,Shale decade (2010-2019)
2016-08-01,0.139,240.545,2.82,103.7313,139.604,111.7574,4.5113,10.3807,-2.1127,1.8051,1.0553,-30.662,-0.3577,-1.755,Shale decade (2010-2019)
2016-09-01,0.139,241.176,2.99,103.7313,148.0198,113.1188,5.303,10.4918,-1.4184,12.406,1.5486,-38.8693,-0.169,-1.2494,Shale decade (2010-2019)
2016-10-01,0.134,241.741,2.98,100.0,147.5248,115.7591,5.5118,10.3664,-1.4706,27.3504,1.6859,-26.4368,0.3635,-1.8341,Shale decade (2010-2019)
2016-11-01,0.131,242.026,2.55,97.7612,126.2376,117.6568,4.8,10.2172,-2.2388,22.0096,1.6843,-32.6316,0.16,-2.3988,Shale decade (2010-2019)
2016-12-01,0.133,242.637,3.59,99.2537,177.7228,124.505,6.4,10.0534,0.0,86.0104,2.0508,-6.8345,1.3405,-1.3405,Shale decade (2010-2019)
2017-01-01,0.134,243.618,3.3,100.0,163.3663,128.7129,7.2,10.1412,0.0,44.7368,2.5104,-0.7042,1.9656,-1.9656,Shale decade (2010-2019)
2017-02-01,0.135,244.006,2.85,100.7463,141.0891,132.2607,8.0,9.9631,0.7463,43.2161,2.8104,1.8051,2.325,-1.5787,Shale decade (2010-2019)
2017-03-01,0.134,243.892,2.88,100.0,142.5743,137.005,5.5118,9.3461,0.0,66.474,2.4412,12.406,2.3292,-2.3292,Shale decade (2010-2019)
2017-04-01,0.135,244.193,3.1,100.7463,153.4653,141.8729,6.2992,8.9695,0.7463,61.4583,2.1762,27.3504,2.5715,-1.8253,Shale decade (2010-2019)
2017-05-01,0.137,244.004,3.15,102.2388,155.9406,146.9472,6.2016,8.5398,3.0075,64.0625,1.8563,22.0096,2.1014,0.9061,Shale decade (2010-2019)
2017-06-01,0.142,244.163,2.98,105.9701,147.5248,148.5561,5.9701,8.6105,2.8986,15.0579,1.6406,86.0104,3.9893,-1.0908,Shale decade (2010-2019)
2017-07-01,0.143,244.243,2.98,106.7164,147.5248,149.2162,5.9259,8.3622,2.8777,5.6738,1.7251,44.7368,2.7213,0.1564,Shale decade (2010-2019)
2017-08-01,0.142,245.183,2.9,105.9701,143.5644,149.5462,5.1852,8.4372,2.1583,2.8369,1.9281,43.2161,2.8595,-0.7012,Shale decade (2010-2019)
2017-09-01,0.142,246.435,2.98,105.9701,147.5248,149.505,5.1852,8.7547,2.1583,-0.3344,2.1806,66.474,3.8517,-1.6934,Shale decade (2010-2019)
2017-10-01,0.137,246.626,2.88,102.2388,142.5743,149.0924,5.3846,8.7656,2.2388,-3.3557,2.0208,61.4583,3.5402,-1.3014,Shale decade (2010-2019)
2017-11-01,0.136,247.284,3.01,101.4925,149.0099,150.9901,6.25,8.8546,3.8168,18.0392,2.1725,64.0625,3.7656,0.0512,Shale decade (2010-2019)
2017-12-01,0.136,247.805,2.82,101.4925,139.604,147.8135,7.0866,9.0581,2.2556,-21.4485,2.1299,15.0579,2.1278,0.1279,Shale decade (2010-2019)
2018-01-01,0.135,248.859,3.87,100.7463,191.5842,150.165,5.4688,9.2244,0.7463,17.2727,2.1513,5.6738,1.8415,-1.0952,Shale decade (2010-2019)
2018-02-01,0.135,249.529,2.67,100.7463,132.1782,149.4224,5.4688,9.2848,0.0,-6.3158,2.2635,2.8369,1.8527,-1.8527,Shale decade (2010-2019)
2018-03-01,0.135,249.577,2.69,100.7463,133.1683,148.6386,6.2992,9.0775,0.7463,-6.5972,2.3309,-0.3344,1.8117,-1.0654,Shale decade (2010-2019)
2018-04-01,0.134,250.227,2.8,100.0,138.6139,147.401,5.5118,9.1803,-0.7407,-9.6774,2.471,-3.3557,1.8427,-2.5834,Shale decade (2010-2019)
2018-05-01,0.136,250.792,2.8,101.4925,138.6139,145.9571,5.4264,9.6536,-0.7299,-11.1111,2.7819,18.0392,2.8282,-3.5581,Shale decade (2010-2019)
2018-06-01,0.139,251.018,2.97,103.7313,147.0297,145.9158,2.963,9.8432,-2.1127,-0.3356,2.8076,-21.4485,1.5639,-3.6766,Shale decade (2010-2019)
2018-07-01,0.139,251.214,2.83,103.7313,140.099,145.297,4.5113,9.8972,-2.7972,-5.0336,2.8541,17.2727,2.87,-5.6672,Shale decade (2010-2019)
2018-08-01,0.139,251.663,2.96,103.7313,146.5347,145.5446,4.5113,9.4577,-2.1127,2.069,2.6429,-6.3158,1.9052,-4.0179,Shale decade (2010-2019)
2018-09-01,0.138,252.182,3.0,102.9851,148.5149,145.6271,3.7594,9.1626,-2.8169,0.6711,2.3321,-6.5972,1.6084,-4.4253,Shale decade (2010-2019)
2018-10-01,0.136,252.772,3.28,101.4925,162.3762,147.2772,6.25,9.1237,-0.7299,13.8889,2.492,-9.6774,1.656,-2.3859,Shale decade (2010-2019)
2018-11-01,0.134,252.594,4.09,100.0,202.4752,151.7327,5.5118,9.2303,-1.4706,35.8804,2.1473,-11.1111,1.2903,-2.7609,Shale decade (2010-2019)
2018-12-01,0.135,252.767,4.04,100.7463,200.0,156.7657,6.2992,9.3184,-0.7353,43.2624,2.0024,-0.3356,1.5077,-2.243,Shale decade (2010-2019)
2019-01-01,0.135,252.561,3.11,100.7463,153.9604,153.6304,4.6512,9.0133,0.0,-19.6382,1.4876,-5.0336,0.8782,-0.8782,Shale decade (2010-2019)
2019-02-01,0.136,253.319,2.69,101.4925,133.1683,153.7129,5.4264,8.75,0.7407,0.7491,1.5189,2.069,1.1388,-0.398,Shale decade (2010-2019)
2019-03-01,0.135,254.277,2.95,100.7463,146.0396,154.7855,5.4688,9.4691,0.0,9.6654,1.8832,0.6711,1.4302,-1.4302,Shale decade (2010-2019)
2019-04-01,0.135,255.233,2.65,100.7463,131.1881,154.1667,5.4688,10.1106,0.7463,-5.3571,2.0006,13.8889,1.97,-1.2237,Shale decade (2010-2019)
2019-05-01,0.136,255.296,2.64,101.4925,130.6931,153.5066,3.8168,10.0922,0.0,-5.7143,1.7959,35.8804,2.4979,-2.4979,Shale decade (2010-2019)
2019-06-01,0.139,255.213,2.4,103.7313,118.8119,151.1551,1.4599,9.795,0.0,-19.1919,1.6712,43.2624,2.6233,-2.6233,Shale decade (2010-2019)
2019-07-01,0.14,255.802,2.37,104.4776,117.3267,149.2574,2.1898,9.8334,0.7194,-16.2544,1.8263,-19.6382,0.7152,0.0042,Shale decade (2010-2019)
2019-08-01,0.139,256.036,2.22,103.7313,109.901,146.2046,1.4599,9.6721,0.0,-25.0,1.7376,0.7491,1.2981,-1.2981,Shale decade (2010-2019)
2019-09-01,0.139,256.43,2.56,103.7313,126.7327,144.3894,1.4599,9.7994,0.7246,-14.6667,1.6845,9.6654,1.5398,-0.8151,Shale decade (2010-2019)
2019-10-01,0.136,257.155,2.33,101.4925,115.3465,140.4703,3.0303,10.051,0.0,-28.9634,1.734,-5.3571,1.0955,-1.0955,Shale decade (2010-2019)
2019-11-01,0.133,257.879,2.65,99.2537,131.1881,134.5297,2.3077,10.1576,-0.7463,-35.2078,2.0923,-5.7143,1.4154,-2.1617,Shale decade (2010-2019)
2019-12-01,0.133,258.63,2.22,99.2537,109.901,127.0215,1.5267,10.1871,-1.4815,-45.0495,2.3195,-19.1919,1.186,-2.6675,Shale decade (2010-2019)
2020-01-01,0.134,259.127,2.02,100.0,100.0,122.5248,0.0,10.1318,-0.7407,-35.0482,2.5998,-16.2544,1.5411,-2.2818,Demand era (2020+)
2020-02-01,0.134,259.25,1.91,100.0,94.5545,119.3069,0.0,10.063,-1.4706,-28.9963,2.3413,-25.0,1.0167,-2.4873,Demand era (2020+)
2020-03-01,0.134,258.076,1.79,100.0,88.6139,114.5215,-0.7407,9.3413,-0.7407,-39.322,1.494,-14.6667,0.5699,-1.3107,Demand era (2020+)
2020-04-01,0.133,256.032,1.74,99.2537,86.1386,110.7673,1.5267,8.2734,-1.4815,-34.3396,0.313,-28.9634,-0.989,-0.4925,Demand era (2020+)
2020-05-01,0.134,255.802,1.75,100.0,86.6337,107.0957,-1.4706,7.9707,-1.4706,-33.7121,0.1982,-35.2078,-1.2989,-0.1716,Demand era (2020+)
2020-06-01,0.137,257.042,1.63,102.2388,80.6931,103.9191,-4.1958,8.3509,-1.4388,-32.0833,0.7167,-45.0495,-1.1403,-0.2985,Demand era (2020+)
2020-07-01,0.137,258.352,1.76,102.2388,87.1287,101.4026,-4.1958,8.7807,-2.1429,-25.7384,0.9969,-35.0482,-0.5548,-1.588,Demand era (2020+)
2020-08-01,0.137,259.316,2.3,102.2388,113.8614,101.7327,-4.1958,9.2041,-1.4388,3.6036,1.2811,-28.9963,-0.0945,-1.3443,Demand era (2020+)
2020-09-01,0.137,259.997,1.92,102.2388,95.0495,99.0924,-2.8369,9.483,-1.4388,-25.0,1.391,-39.322,-0.3296,-1.1093,Demand era (2020+)
2020-10-01,0.135,260.319,2.39,100.7463,118.3168,99.3399,-0.7353,9.6403,-0.7353,2.5751,1.2304,-34.3396,-0.3157,-0.4196,Demand era (2020+)
2020-11-01,0.136,260.911,2.61,101.4925,129.2079,99.1749,1.4925,10.0969,2.2556,-1.5094,1.1757,-33.7121,-0.3458,2.6014,Demand era (2020+)
2020-12-01,0.136,262.045,2.58,101.4925,127.7228,100.6601,0.7407,10.9176,2.2556,16.2162,1.3204,-32.0833,-0.1588,2.4144,Demand era (2020+)
2021-01-01,0.136,262.687,2.71,101.4925,134.1584,103.5066,-1.4493,11.9022,1.4925,34.1584,1.3738,-25.7384,0.0976,1.395,Demand era (2020+)
2021-02-01,0.137,263.579,5.35,102.2388,264.8515,117.698,-0.7246,11.9983,2.2388,180.1047,1.6698,3.6036,1.3285,0.9103,Demand era (2020+)
2021-03-01,0.138,264.961,2.62,102.9851,129.703,121.1221,1.4706,12.283,2.9851,46.3687,2.6678,-25.0,1.3188,1.6663,Demand era (2020+)
2021-04-01,0.139,266.614,2.66,103.7313,131.6832,124.9175,1.4599,12.8659,4.5113,52.8736,4.1331,2.5751,3.5738,0.9375,Demand era (2020+)
2021-05-01,0.14,268.383,2.91,104.4776,144.0594,129.703,2.1898,13.2413,4.4776,66.2857,4.9183,-1.5094,4.167,0.3106,Demand era (2020+)
2021-06-01,0.142,270.654,3.26,105.9701,161.3861,136.4274,-0.6993,13.8843,3.6496,100.0,5.2956,16.2162,5.0943,-1.4447,Demand era (2020+)
2021-07-01,0.143,271.903,3.84,106.7164,190.099,145.0083,0.7042,14.2286,4.3796,118.1818,5.2452,34.1584,5.6329,-1.2533,Demand era (2020+)
2021-08-01,0.144,272.676,4.07,107.4627,201.4851,152.3102,1.4085,14.5539,5.1095,76.9565,5.152,180.1047,10.3071,-5.1976,Demand era (2020+)
2021-09-01,0.144,273.91,5.16,107.4627,255.4455,165.6766,2.1277,15.3315,5.1095,168.75,5.3512,46.3687,6.1292,-1.0198,Demand era (2020+)
2021-10-01,0.142,276.55,5.51,105.9701,272.7723,178.5479,4.4118,16.328,5.1852,130.5439,6.235,52.8736,7.1591,-1.9739,Demand era (2020+)
2021-11-01,0.142,278.919,5.05,105.9701,250.0,188.6139,5.9701,17.1845,4.4118,93.4866,6.902,66.2857,8.2136,-3.8018,Demand era (2020+)
2021-12-01,0.142,280.845,3.76,105.9701,186.1386,193.4818,6.7669,18.1207,4.4118,45.7364,7.1743,100.0,9.5652,-5.1535,Demand era (2020+)
2022-01-01,0.147,282.543,4.38,109.7015,216.8317,200.3713,9.7015,18.8894,8.0882,61.6236,7.5588,118.1818,10.514,-2.4258,Demand era (2020+)
2022-02-01,0.148,284.5,4.69,110.4478,232.1782,197.6485,10.4478,19.8722,8.0292,-12.3364,7.9373,76.9565,9.5195,-1.4903,Demand era (2020+)
2022-03-01,0.15,287.674,4.9,111.9403,242.5743,207.0545,11.9403,20.8308,8.6957,87.0229,8.5722,168.75,13.101,-4.4053,Demand era (2020+)
2022-04-01,0.151,288.561,6.6,112.6866,326.7327,223.3086,12.6866,20.7409,8.6331,148.1203,8.2318,130.5439,11.5398,-2.9067,Demand era (2020+)
2022-05-01,0.154,291.298,8.14,114.9254,402.9703,244.8845,15.7895,21.5986,10.0,179.7251,8.5382,93.4866,10.6146,-0.6146,Demand era (2020+)
2022-06-01,0.16,294.957,7.7,119.403,381.1881,263.2013,15.942,22.7852,12.6761,136.1963,8.9794,45.7364,9.4652,3.2108,Demand era (2020+)
2022-07-01,0.164,294.913,7.28,122.3881,360.396,277.3927,17.9856,22.8287,14.6853,89.5833,8.4626,61.6236,9.5053,5.18,Demand era (2020+)
2022-08-01,0.167,295.097,8.81,124.6269,436.1386,296.9472,20.1439,22.6785,15.9722,116.4619,8.2226,-12.3364,6.8709,9.1013,Demand era (2020+)
2022-09-01,0.167,296.349,7.88,124.6269,390.099,308.1683,20.1439,22.8767,15.9722,52.7132,8.1921,87.0229,10.0836,5.8887,Demand era (2020+)
2022-10-01,0.166,298.007,5.66,123.8806,280.198,308.7871,23.8806,23.2753,16.9014,2.7223,7.7588,148.1203,11.6756,5.2259,Demand era (2020+)
2022-11-01,0.163,298.786,5.45,121.6418,269.802,310.4373,24.4275,23.452,14.7887,7.9208,7.1229,179.7251,12.1181,2.6707,Demand era (2020+)
2022-12-01,0.165,298.832,5.53,123.1343,273.7624,317.7393,24.0602,23.1601,16.1972,47.0745,6.4046,136.1963,10.0338,6.1634,Demand era (2020+)
2023-01-01,0.168,300.42,3.27,125.3731,161.8812,313.1601,25.3731,23.316,14.2857,-25.3425,6.3272,89.5833,8.4417,5.844,Demand era (2020+)
2023-02-01,0.168,301.45,2.38,125.3731,117.8218,303.6304,24.4444,23.542,13.5135,-49.2537,5.9578,116.4619,8.9767,4.5368,Demand era (2020+)
2023-03-01,0.166,301.821,2.31,123.8806,114.3564,292.9455,23.8806,23.7519,10.6667,-52.8571,4.9177,52.7132,5.9351,4.7315,Demand era (2020+)
2023-04-01,0.165,302.845,2.16,123.1343,106.9307,274.6287,22.2222,24.0187,9.2715,-67.2727,4.9501,2.7223,4.3345,4.937,Demand era (2020+)
2023-05-01,0.165,303.334,2.15,123.1343,106.4356,249.9175,20.438,24.3152,7.1429,-73.5872,4.1319,7.9208,3.7471,3.3958,Demand era (2020+)
2023-06-01,0.17,304.014,2.18,126.8657,107.9208,227.1452,19.7183,24.5127,6.25,-71.6883,3.0706,47.0745,4.0424,2.2076,Demand era (2020+)
2023-07-01,0.169,304.609,2.55,126.1194,126.2376,207.632,18.1818,24.7155,3.0488,-64.9725,3.2877,-25.3425,1.8812,1.1676,Demand era (2020+)
2023-08-01,0.17,306.082,2.58,126.8657,127.7228,181.9307,19.7183,24.8382,1.7964,-70.7151,3.7225,-49.2537,1.5034,0.293,Demand era (2020+)
2023-09-01,0.171,307.276,2.64,127.6119,130.6931,160.3135,20.4225,24.6885,2.3952,-66.4975,3.6872,-52.8571,1.3533,1.042,Demand era (2020+)
2023-10-01,0.169,307.696,2.98,126.1194,147.5248,149.2574,23.3577,24.7622,1.8072,-47.3498,3.2513,-67.2727,0.4797,1.3275,Demand era (2020+)
2023-11-01,0.168,308.148,2.71,125.3731,134.1584,137.9538,23.5294,24.613,3.0675,-50.2752,3.1333,-73.5872,0.1647,2.9028,Demand era (2020+)
2023-12-01,0.169,308.741,2.52,126.1194,124.7525,125.5363,24.2647,24.5903,2.4242,-54.4304,3.3159,-71.6883,0.3955,2.0287,Demand era (2020+)
2024-01-01,0.173,309.698,3.18,129.1045,157.4257,125.165,28.1481,24.4472,2.9762,-2.7523,3.0883,-64.9725,0.404,2.5722,Demand era (2020+)
2024-02-01,0.173,310.967,1.72,129.1045,85.1485,122.4422,28.1481,24.6216,2.9762,-27.7311,3.1571,-70.7151,0.2803,2.6959,Demand era (2020+)
2024-03-01,0.174,312.345,1.49,129.8507,73.7624,119.0594,28.8889,25.1498,4.8193,-35.4978,3.4868,-66.4975,0.723,4.0963,Demand era (2020+)
2024-04-01,0.173,313.023,1.6,129.1045,79.2079,116.7492,29.1045,25.0956,4.8485,-25.9259,3.3608,-47.3498,1.2309,3.6176,Demand era (2020+)
2024-05-01,0.175,313.175,2.12,130.597,104.9505,116.6254,28.6765,24.8744,6.0606,-1.3953,3.2443,-50.2752,1.0277,5.0329,Demand era (2020+)
2024-06-01,0.178,313.044,2.54,132.8358,125.7426,118.1106,28.0576,24.7098,4.7059,16.5138,2.9703,-54.4304,0.6386,4.0672,Demand era (2020+)
2024-07-01,0.178,313.569,2.07,132.8358,102.4752,116.1304,28.0576,24.8215,5.3254,-18.8235,2.9415,-2.7523,2.2976,3.0278,Demand era (2020+)
2024-08-01,0.177,314.062,1.99,132.0896,98.5149,113.6964,27.3381,24.7947,4.1176,-22.8682,2.6071,-27.7311,1.1736,2.9441,Demand era (2020+)
2024-09-01,0.178,314.732,2.28,132.8358,112.8713,112.2112,28.9855,24.8035,4.0936,-13.6364,2.4265,-35.4978,0.7531,3.3405,Demand era (2020+)
2024-10-01,0.177,315.631,2.2,132.0896,108.9109,108.9934,30.1471,24.8679,4.7337,-26.1745,2.5788,-25.9259,1.2063,3.5274,Demand era (2020+)
2024-11-01,0.176,316.528,2.12,131.3433,104.9505,106.5594,31.3433,25.311,4.7619,-21.7712,2.7195,-1.3953,2.1365,2.6254,Demand era (2020+)
2024-12-01,0.176,317.604,3.01,131.3433,149.0099,108.5809,30.3704,25.6509,4.142,19.4444,2.8707,16.5138,2.8606,1.2814,Demand era (2020+)
2025-01-01,0.179,318.961,4.13,133.5821,204.4554,112.5,32.5926,26.2907,3.4682,29.8742,2.991,-18.8235,1.8192,1.649,Demand era (2020+)
2025-02-01,0.179,319.679,4.19,133.5821,207.4257,122.6898,31.6176,26.1962,3.4682,143.6047,2.8016,-22.8682,1.5121,1.9561,Demand era (2020+)
2025-03-01,0.181,319.785,4.12,135.0746,203.9604,133.5396,34.0741,25.7625,4.023,176.5101,2.382,-13.6364,1.425,2.598,Demand era (2020+)
2025-04-01,0.181,320.302,3.42,135.0746,169.3069,141.0479,34.0741,25.494,4.6243,113.75,2.3254,-26.1745,0.9637,3.6606,Demand era (2020+)
2025-05-01,0.182,320.62,3.12,135.8209,154.4554,145.1733,33.8235,25.5876,4.0,47.1698,2.3773,-21.7712,1.1553,2.8447,Demand era (2020+)
2025-06-01,0.19,321.435,3.02,141.791,149.505,147.1535,36.6906,25.9477,6.7416,18.8976,2.6805,19.4444,2.7802,3.9614,Demand era (2020+)
2025-07-01,0.189,322.169,3.2,141.0448,158.4158,151.8152,35.0,25.9447,6.1798,54.5894,2.7426,29.8742,3.1779,3.0019,Demand era (2020+)
2025-08-01,0.19,323.291,2.91,141.791,144.0594,155.6106,36.6906,26.2678,7.3446,46.2312,2.9386,143.6047,7.0688,0.2758,Demand era (2020+)
2025-09-01,0.188,324.245,2.97,140.2985,147.0297,158.4571,35.2518,26.4458,5.618,30.2632,3.0226,176.5101,8.2198,-2.6018,Demand era (2020+)
2025-10-01,0.1885,,3.19,140.6716,157.9208,162.5413,38.6029,,6.4972,45.0,,113.75,,,Demand era (2020+)
2025-11-01,0.189,325.063,3.79,141.0448,187.6238,169.4307,42.1053,26.0525,7.3864,78.7736,2.6964,47.1698,3.6993,3.6871,Demand era (2020+)
2025-12-01,0.189,326.031,4.26,141.0448,210.8911,174.5875,42.1053,26.0608,7.3864,41.5282,2.6533,18.8976,2.7372,4.6492,Demand era (2020+)
2026-01-01,0.192,326.588,7.72,143.2836,382.1782,189.3977,43.2836,26.034,7.2626,86.9249,2.3912,54.5894,3.6589,3.6037,Demand era (2020+)
2026-02-01,0.189,327.46,3.62,141.0448,179.2079,187.0462,41.0448,26.3105,5.5866,-13.6038,2.434,46.2312,3.4259,2.1607,Demand era (2020+)
2026-03-01,0.19,330.293,3.04,141.791,150.495,182.5908,41.791,27.9828,4.9724,-26.2136,3.286,30.2632,3.6932,1.2791,Demand era (2020+)
2026-04-01,0.194,332.407,2.77,144.7761,137.1287,179.9092,45.8647,29.8303,7.1823,-19.0058,3.7792,45.0,4.6303,2.552,Demand era (2020+)
2026-05-01,0.196,333.979,2.94,146.2687,145.5446,179.1667,46.2687,30.5615,7.6923,-5.7692,4.1666,78.7736,6.0903,1.602,Demand era (2020+)
2026-06-01,0.198,332.568,3.15,147.7612,155.9406,179.703,44.5255,29.3827,4.2105,4.3046,3.4635,41.5282,4.225,-0.0144,Demand era (2020+)
